almuerzos-cenas	img-0965	IMG_0965.HEIC
almuerzos-cenas	img-4338	IMG_4338.HEIC
almuerzos-cenas	img-7391	IMG_7391.HEIC
almuerzos-cenas	img-7804	IMG_7804.HEIC
almuerzos-cenas	img-7805	IMG_7805.HEIC
almuerzos-cenas	img-7906	IMG_7906.HEIC
almuerzos-cenas	img-9343	IMG_9343.HEIC
almuerzos-cenas	img-9345	IMG_9345.HEIC
almuerzos-cenas	img-9346	IMG_9346.HEIC
almuerzos-cenas	img-9347	IMG_9347.HEIC
almuerzos-cenas	img-9355	IMG_9355.HEIC
almuerzos-cenas	img-9356	IMG_9356.HEIC
almuerzos-cenas	img-9357	IMG_9357.HEIC
almuerzos-cenas	img-9358	IMG_9358.HEIC
almuerzos-cenas	img-9849	IMG_9849.HEIC
almuerzos-cenas	img-9853	IMG_9853.HEIC
almuerzos-cenas	img-9855	IMG_9855.HEIC
almuerzos-cenas	img-9856	IMG_9856.HEIC
almuerzos-cenas	0116192c-e8e8-4833-ae1b-f533a9b79d41-2	0116192c-e8e8-4833-ae1b-f533a9b79d41 2.JPG
almuerzos-cenas	094e0897-8f2f-4e51-a1f2-b322062a5a06	094e0897-8f2f-4e51-a1f2-b322062a5a06.jpg
almuerzos-cenas	img-1122	IMG_1122.jpg
almuerzos-cenas	photo-2026-07-25-18-56-52-2	PHOTO-2026-07-25-18-56-52 2.jpg
almuerzos-cenas	photo-2026-07-25-18-56-52	PHOTO-2026-07-25-18-56-52.jpg
almuerzos-cenas	photo-2026-07-25-18-56-53	PHOTO-2026-07-25-18-56-53.jpg
aniversarios	facetune-27-07-2023-00-37-10	Facetune_27-07-2023-00-37-10.HEIC
aniversarios	img-3699	IMG_3699.HEIC
aniversarios	img-3703	IMG_3703.HEIC
aniversarios	0f7703fa-6efe-4e56-bbd9-4a686f862505	0f7703fa-6efe-4e56-bbd9-4a686f862505.JPG
aniversarios	196883d5-0f9e-48c3-ac21-03f88ec406f5	196883d5-0f9e-48c3-ac21-03f88ec406f5.JPG
aniversarios	d30b99a2-228b-4a6f-aace-476e701550d9	d30b99a2-228b-4a6f-aace-476e701550d9.JPG
bariloche	img-4295	IMG_4295.HEIC
bariloche	img-4296	IMG_4296.HEIC
bariloche	img-4303	IMG_4303.HEIC
bariloche	img-4314	IMG_4314.HEIC
bariloche	img-4315	IMG_4315.HEIC
bariloche	img-4316	IMG_4316.HEIC
bariloche	img-4322	IMG_4322.HEIC
bariloche	img-4325	IMG_4325.HEIC
bariloche	12e5c952-b7fd-4809-9627-2a806ed8e930	12e5c952-b7fd-4809-9627-2a806ed8e930.jpg
bariloche	1b9a5458-a379-4609-8809-19e7710cc705	1b9a5458-a379-4609-8809-19e7710cc705.jpg
bariloche	22c43af7-94b3-4828-8eb8-68c11099d26a	22c43af7-94b3-4828-8eb8-68c11099d26a.jpg
bariloche	274e3ce2-db16-4b94-84b8-74282816c8d9	274e3ce2-db16-4b94-84b8-74282816c8d9.jpg
bariloche	36b2b116-f967-434f-9851-a01fe13f57f7	36b2b116-f967-434f-9851-a01fe13f57f7.jpg
bariloche	4388cf74-07ad-4306-b487-ea525c059a7b	4388cf74-07ad-4306-b487-ea525c059a7b.jpg
bariloche	4eb00d13-f4d1-4beb-b39b-2df763e48e7e	4eb00d13-f4d1-4beb-b39b-2df763e48e7e.jpg
bariloche	583128c7-a8a7-48be-8c0d-fe8cada07471	583128c7-a8a7-48be-8c0d-fe8cada07471.jpg
bariloche	a2d329ee-b751-4930-af7d-b06ef9184034	a2d329ee-b751-4930-af7d-b06ef9184034.jpg
bariloche	ab2ffe2e-5b98-4630-a504-c43ff97b82fb	ab2ffe2e-5b98-4630-a504-c43ff97b82fb.jpg
bariloche	b3b2ee90-3dc2-4159-8404-00430c04ae24	b3b2ee90-3dc2-4159-8404-00430c04ae24.jpg
bariloche	b5da46e1-d709-4c4c-bf29-edbe44a16382	b5da46e1-d709-4c4c-bf29-edbe44a16382.jpg
bariloche	cdc3b3fd-43bc-4d47-ba2d-6823c5fc770c	cdc3b3fd-43bc-4d47-ba2d-6823c5fc770c.JPG
bariloche	dde22048-5c2d-4086-aa18-312eb053735f	dde22048-5c2d-4086-aa18-312eb053735f.jpg
bariloche	e708c756-57d2-447e-9280-e64ff50d8e3e	e708c756-57d2-447e-9280-e64ff50d8e3e.JPG
bariloche	eee1f816-3f3f-4fd9-942c-bf24cb6a351c	eee1f816-3f3f-4fd9-942c-bf24cb6a351c.jpg
bariloche	f8e2549a-36e1-435f-95b7-00949ad998a0	f8e2549a-36e1-435f-95b7-00949ad998a0.jpg
bariloche	f9b37c4a-db15-46e1-ab37-eadd1999f6f9	f9b37c4a-db15-46e1-ab37-eadd1999f6f9.jpg
chile	img-6703	IMG_6703.HEIC
chile	img-6705	IMG_6705.HEIC
chile	img-6710	IMG_6710.HEIC
chile	img-6711	IMG_6711.HEIC
chile	img-6712	IMG_6712.HEIC
chile	img-6713	IMG_6713.HEIC
chile	img-6715	IMG_6715.HEIC
chile	img-6717	IMG_6717.HEIC
chile	img-6722	IMG_6722.HEIC
chile	img-6778	IMG_6778.HEIC
chile	img-8436	IMG_8436.HEIC
chile	img-8438	IMG_8438.HEIC
chile	img-8486	IMG_8486.HEIC
chile	img-8487	IMG_8487.HEIC
chile	img-8498	IMG_8498.HEIC
chile	img-8514	IMG_8514.HEIC
chile	img-8515	IMG_8515.HEIC
chile	img-8521	IMG_8521.HEIC
chile	img-8540	IMG_8540.HEIC
chile	img-8541	IMG_8541.HEIC
chile	img-8544	IMG_8544.HEIC
chile	img-8559	IMG_8559.HEIC
chile	img-8560	IMG_8560.HEIC
chile	img-8580	IMG_8580.HEIC
chile	img-8600	IMG_8600.HEIC
chile	img-8674	IMG_8674.HEIC
chile	img-8690	IMG_8690.HEIC
chile	img-8694	IMG_8694.HEIC
chile	img-8798	IMG_8798.HEIC
chile	img-8799	IMG_8799.HEIC
chile	img-8809	IMG_8809.HEIC
chile	img-8810	IMG_8810.HEIC
chile	img-8812	IMG_8812.HEIC
chile	img-8814	IMG_8814.HEIC
chile	img-8819	IMG_8819.HEIC
chile	img-8827	IMG_8827.HEIC
chile	img-8829	IMG_8829.HEIC
chile	img-8504	IMG_8504.JPG
graduacion-ivi	img-7006	IMG_7006.HEIC
graduacion-ivi	img-7009	IMG_7009.HEIC
graduacion-ivi	img-7027	IMG_7027.HEIC
graduacion-ivi	img-7028	IMG_7028.HEIC
graduacion-ivi	img-7072	IMG_7072.HEIC
graduacion-ivi	img-6998	IMG_6998.JPG
graduacion-ivi	img-6999	IMG_6999.JPG
graduacion-ivi	img-7016	IMG_7016.JPG
graduacion-ivi	img-7020	IMG_7020.JPG
halloween	facetune-29-10-2022-23-22-31	Facetune_29-10-2022-23-22-31.heic
halloween	facetune-29-10-2022-23-24-46	Facetune_29-10-2022-23-24-46.HEIC
halloween	e7d84a78-91ef-4445-b678-5cd8c39f4370	E7D84A78-91EF-4445-B678-5CD8C39F4370.jpg
mexico	img-7390	IMG_7390.HEIC
mexico	img-7397	IMG_7397.HEIC
mexico	img-7405	IMG_7405.HEIC
mexico	img-7407	IMG_7407.HEIC
mexico	img-7408	IMG_7408.HEIC
mexico	img-7456	IMG_7456.HEIC
mexico	img-7457	IMG_7457.HEIC
mexico	img-7458	IMG_7458.HEIC
mexico	img-7476	IMG_7476.HEIC
mexico	img-7477	IMG_7477.HEIC
mexico	img-7480	IMG_7480.HEIC
mexico	img-7481	IMG_7481.HEIC
mexico	img-7486	IMG_7486.HEIC
mexico	img-7504	IMG_7504.HEIC
mexico	img-7510	IMG_7510.HEIC
mexico	img-7514	IMG_7514.HEIC
mexico	img-7515	IMG_7515.HEIC
mexico	img-7516	IMG_7516.HEIC
mexico	img-7610	IMG_7610.HEIC
mexico	img-7611	IMG_7611.HEIC
mexico	img-7613	IMG_7613.HEIC
mexico	img-7620	IMG_7620.HEIC
mexico	img-7621	IMG_7621.HEIC
mexico	img-7622	IMG_7622.HEIC
mexico	img-7632	IMG_7632.HEIC
mexico	img-7634	IMG_7634.HEIC
mexico	img-7635	IMG_7635.HEIC
mexico	img-7636	IMG_7636.HEIC
mexico	img-7637	IMG_7637.HEIC
mexico	img-7639	IMG_7639.HEIC
mexico	img-7653	IMG_7653.HEIC
mexico	img-7655	IMG_7655.HEIC
mexico	img-7660	IMG_7660.HEIC
mexico	img-7662	IMG_7662.HEIC
mexico	img-7663	IMG_7663.HEIC
mexico	img-7681	IMG_7681.HEIC
mexico	img-7685	IMG_7685.HEIC
mexico	img-7686	IMG_7686.HEIC
mexico	img-7697	IMG_7697.HEIC
mexico	img-7698	IMG_7698.HEIC
mexico	img-7699	IMG_7699.HEIC
mexico	img-7709	IMG_7709.HEIC
mexico	img-7710	IMG_7710.HEIC
mexico	img-7711	IMG_7711.HEIC
mexico	img-7725	IMG_7725.HEIC
mexico	img-7741	IMG_7741.HEIC
mexico	img-7742	IMG_7742.HEIC
mexico	img-7749	IMG_7749.HEIC
mexico	img-7760	IMG_7760.HEIC
mexico	img-7762	IMG_7762.HEIC
mexico	img-7768	IMG_7768.HEIC
mexico	img-7769	IMG_7769.HEIC
mexico	img-7772	IMG_7772.HEIC
mexico	img-7776	IMG_7776.HEIC
mexico	img-7777	IMG_7777.HEIC
mexico	img-7779	IMG_7779.HEIC
mexico	img-7806	IMG_7806.HEIC
mexico	312c7bd6-f80e-4c31-8e8a-991e0facb5ee	312C7BD6-F80E-4C31-8E8A-991E0FACB5EE.jpg
mexico	4b9c2658-5c4f-4d64-a14f-6493e01bbb7e	4b9c2658-5c4f-4d64-a14f-6493e01bbb7e.jpg
mexico	5071f752-dcbe-4ca3-a050-c481069d0b5b	5071f752-dcbe-4ca3-a050-c481069d0b5b.jpg
mexico	57f5cddb-fd2c-421d-aeb9-ec102d164cfd	57f5cddb-fd2c-421d-aeb9-ec102d164cfd.jpg
mexico	7936ccbc-1ee1-4492-abfe-fe985f8c84d6	7936ccbc-1ee1-4492-abfe-fe985f8c84d6.jpg
mexico	923449bf-71c8-415c-9f18-9b20ceb76838	923449bf-71c8-415c-9f18-9b20ceb76838.jpg
mexico	a1510de8-c81f-4de7-a6d6-3428050c73de	a1510de8-c81f-4de7-a6d6-3428050c73de.jpg
mexico	bbca404e-c447-4eea-a49f-6c5f2b487692	bbca404e-c447-4eea-a49f-6c5f2b487692.jpg
mexico	da279cae-1796-41cf-a7a2-21146cb4bc62	da279cae-1796-41cf-a7a2-21146cb4bc62.jpg
mudanza	img-1904	IMG_1904.HEIC
mudanza	img-1905	IMG_1905.HEIC
mudanza	img-1906	IMG_1906.HEIC
mudanza	img-1907	IMG_1907.HEIC
mudanza	img-1908	IMG_1908.HEIC
mudanza	img-5416	IMG_5416.HEIC
mudanza	2c09469b-4cdf-404e-a303-9167ee02e756	2c09469b-4cdf-404e-a303-9167ee02e756.JPG
mudanza	35ce9ef8-9487-4195-a9d9-91a8e31c3da3	35ce9ef8-9487-4195-a9d9-91a8e31c3da3.JPG
mudanza	3760fda8-02fd-4d12-aeed-c894e52cf429	3760fda8-02fd-4d12-aeed-c894e52cf429.JPG
mudanza	5bf1868f-ecbb-47d8-a016-6009234ff3a0	5bf1868f-ecbb-47d8-a016-6009234ff3a0.JPG
mudanza	a0653c64-3e5b-46bc-be12-908e294fceb2	a0653c64-3e5b-46bc-be12-908e294fceb2.JPG
mudanza	a34526c7-0941-4748-8e1b-941804227b9e	a34526c7-0941-4748-8e1b-941804227b9e.JPG
mudanza	a64c7457-54d0-40cf-8a1e-86759ee1fe74	a64c7457-54d0-40cf-8a1e-86759ee1fe74.JPG
mudanza	ee4ac43b-9923-4fdc-9e67-9b36f932e1be	ee4ac43b-9923-4fdc-9e67-9b36f932e1be.JPG
mudanza	f287de3c-4ce2-4ef8-9032-64a49332d52c	f287de3c-4ce2-4ef8-9032-64a49332d52c.JPG
mundial	facetune-18-12-2022-19-09-22-1	Facetune_18-12-2022-19-09-22(1).HEIC
mundial	facetune-18-12-2022-19-09-22	Facetune_18-12-2022-19-09-22.HEIC
mundial	352cab01-e6ef-48f8-a3c7-3b9a09dac220-2	352cab01-e6ef-48f8-a3c7-3b9a09dac220 2.JPG
mundial	d69c0efd-0c86-467f-b58e-169a50cbedf4-2	d69c0efd-0c86-467f-b58e-169a50cbedf4 2.JPG
mundial	dd3752f9-dbdc-49f7-8978-71a70344cdc5-2	dd3752f9-dbdc-49f7-8978-71a70344cdc5 2.JPG
mundial	img-1183	IMG_1183.PNG
otros-cute	facetune-07-06-2025-18-10-16	Facetune_07-06-2025-18-10-16.heic
otros-cute	img-3567	IMG_3567.HEIC
otros-cute	img-3569	IMG_3569.HEIC
otros-cute	img-6244	IMG_6244.HEIC
otros-cute	img-6245	IMG_6245.HEIC
otros-cute	img-6546	IMG_6546.HEIC
otros-cute	img-6547	IMG_6547.HEIC
otros-cute	img-6616	IMG_6616.HEIC
otros-cute	img-6919	IMG_6919.HEIC
otros-cute	img-6920	IMG_6920.HEIC
otros-cute	08139dbe-c287-4c91-b904-48c56fee451a-2	08139dbe-c287-4c91-b904-48c56fee451a 2.JPG
otros-cute	12cd8c92-da26-49e2-8701-440eeddbbf07-2	12cd8c92-da26-49e2-8701-440eeddbbf07 2.JPG
otros-cute	1479d7c5-f16f-4820-a84d-4a5fcb8dd884	1479d7c5-f16f-4820-a84d-4a5fcb8dd884.JPG
otros-cute	15b6fe64-23cc-4fa2-9b04-b7f89f42be63	15b6fe64-23cc-4fa2-9b04-b7f89f42be63.JPG
otros-cute	2089a4cf-f76d-43c4-9e35-34d29278a002	2089a4cf-f76d-43c4-9e35-34d29278a002.JPG
otros-cute	25e3d679-bbff-4931-bf91-ce879b5db1b2	25e3d679-bbff-4931-bf91-ce879b5db1b2.JPG
otros-cute	275a48bd-4531-4b3f-97da-530e23a2bdd6-2	275a48bd-4531-4b3f-97da-530e23a2bdd6 2.JPG
otros-cute	28dc73ad-a876-4508-be60-429fc965d6bb-2	28dc73ad-a876-4508-be60-429fc965d6bb 2.JPG
otros-cute	2e95b1b8-86a4-4bf2-abe4-b2b75ddc7b43-2	2e95b1b8-86a4-4bf2-abe4-b2b75ddc7b43 2.JPG
otros-cute	325595d7-1224-4d01-9dee-d2fc38f249df	325595d7-1224-4d01-9dee-d2fc38f249df.JPG
otros-cute	33a3b20c-fcae-44a1-82f9-9b55562978ea-2	33a3b20c-fcae-44a1-82f9-9b55562978ea 2.JPG
otros-cute	3e8c7eb3-eac6-49de-9666-37a5def5fc92	3e8c7eb3-eac6-49de-9666-37a5def5fc92.JPG
otros-cute	45d62e89-ce15-4fbf-976a-2fddfc665e7c	45d62e89-ce15-4fbf-976a-2fddfc665e7c.JPG
otros-cute	58512f6b-d110-45b6-be63-63f190533194	58512f6b-d110-45b6-be63-63f190533194.JPG
otros-cute	5ea8b651-f600-4805-955d-f7ac8ce58d59-2	5ea8b651-f600-4805-955d-f7ac8ce58d59 2.JPG
otros-cute	5fc886cc-b58f-4949-b16b-351b16158825	5fc886cc-b58f-4949-b16b-351b16158825.JPG
otros-cute	60600261-65e5-4dba-859f-ea54f41d3eae	60600261-65e5-4dba-859f-ea54f41d3eae.JPG
otros-cute	6125d20a-3d54-4e59-a1c1-48679039c08e-2	6125d20a-3d54-4e59-a1c1-48679039c08e 2.JPG
otros-cute	67716657-7e48-4d4b-a316-7a38bc9dc798	67716657-7e48-4d4b-a316-7a38bc9dc798.JPG
otros-cute	7a290980-af4b-4950-912a-9e9f3bf07d37	7a290980-af4b-4950-912a-9e9f3bf07d37.JPG
otros-cute	7bc99453-2ef5-4361-bec4-dd218fc84d25-2	7bc99453-2ef5-4361-bec4-dd218fc84d25 2.JPG
otros-cute	9067d69a-3e04-4333-a0d0-b5ef1159e7d4	9067d69a-3e04-4333-a0d0-b5ef1159e7d4.JPG
otros-cute	987723ef-3b2c-465f-96a8-89d5de19b04d	987723ef-3b2c-465f-96a8-89d5de19b04d.JPG
otros-cute	98c598bd-8733-43b5-bcec-23f4316cff75-2	98c598bd-8733-43b5-bcec-23f4316cff75 2.JPG
otros-cute	99597011-f36d-478c-8ab1-8e9a491e4821	99597011-f36d-478c-8ab1-8e9a491e4821.JPG
otros-cute	photo-2026-07-25-18-56-44	PHOTO-2026-07-25-18-56-44.jpg
otros-cute	photo-2026-07-25-18-56-45	PHOTO-2026-07-25-18-56-45.jpg
otros-cute	photo-2026-07-25-18-56-55-2	PHOTO-2026-07-25-18-56-55 2.jpg
otros-cute	photo-2026-07-25-18-56-55	PHOTO-2026-07-25-18-56-55.jpg
otros-cute	a55766b1-2696-45f4-b3f9-eb28e24f6460-2	a55766b1-2696-45f4-b3f9-eb28e24f6460 2.JPG
otros-cute	b0d86f36-4443-48cb-8856-7a070ef5e8fb-2	b0d86f36-4443-48cb-8856-7a070ef5e8fb 2.JPG
otros-cute	b570afff-573a-4b9d-be7e-bec7c268f791	b570afff-573a-4b9d-be7e-bec7c268f791.JPG
otros-cute	b5a963c5-bc2a-4c9d-8dee-09476f585589-2	b5a963c5-bc2a-4c9d-8dee-09476f585589 2.JPG
otros-cute	beff6d72-5894-4724-b972-2cd05fe1f961	beff6d72-5894-4724-b972-2cd05fe1f961.JPG
otros-cute	c0992892-d14a-4355-98a2-e898639f5f5b-2	c0992892-d14a-4355-98a2-e898639f5f5b 2.JPG
otros-cute	c2a11fd8-dad5-4997-a6aa-4f5264db7889-2	c2a11fd8-dad5-4997-a6aa-4f5264db7889 2.JPG
otros-cute	c47578f7-f597-4795-8ccd-a6135493db24	c47578f7-f597-4795-8ccd-a6135493db24.JPG
otros-cute	d2fdf1b9-a0ce-4848-9129-701a2bf41b10	d2fdf1b9-a0ce-4848-9129-701a2bf41b10.JPG
otros-cute	d7d67d95-afb5-4de8-87fb-1ddc60c578e7-2	d7d67d95-afb5-4de8-87fb-1ddc60c578e7 2.JPG
otros-cute	d8ec035a-9c03-4db6-af64-9e11c0a2089f-2	d8ec035a-9c03-4db6-af64-9e11c0a2089f 2.JPG
otros-cute	deabffaf-38f5-408f-b8d9-73d1de8df4e0	deabffaf-38f5-408f-b8d9-73d1de8df4e0.JPG
otros-cute	e0173ea6-8a39-4891-a1c0-233953f4e465	e0173ea6-8a39-4891-a1c0-233953f4e465.JPG
otros-cute	e6419093-1ef4-4033-9835-f0008a39e430-2	e6419093-1ef4-4033-9835-f0008a39e430 2.JPG
otros-cute	ebca7fdb-3bae-408b-b328-0d565be7d2ac	ebca7fdb-3bae-408b-b328-0d565be7d2ac.JPG
otros-cute	ed5c8c63-575a-41f3-a296-7c94ee2bc2ce-2	ed5c8c63-575a-41f3-a296-7c94ee2bc2ce 2.JPG
otros-cute	f8e25d4c-04d6-4ae8-a4fc-6cedae73ae85-2	f8e25d4c-04d6-4ae8-a4fc-6cedae73ae85 2.JPG
otros-cute	f911da4e-9a03-401f-a926-8407d5631361-2	f911da4e-9a03-401f-a926-8407d5631361 2.JPG
otros-viajes	facetune-05-11-2022-12-56-58	Facetune_05-11-2022-12-56-58.HEIC
otros-viajes	facetune-06-11-2022-15-23-34	Facetune_06-11-2022-15-23-34.heic
otros-viajes	fullsizerender-1	FullSizeRender(1).heic
otros-viajes	fullsizerender-2	FullSizeRender(2).heic
otros-viajes	fullsizerender-3	FullSizeRender(3).heic
otros-viajes	fullsizerender-4	FullSizeRender(4).heic
otros-viajes	fullsizerender-5	FullSizeRender(5).heic
otros-viajes	fullsizerender-6	FullSizeRender(6).heic
otros-viajes	fullsizerender	FullSizeRender.heic
otros-viajes	img-0128	IMG_0128.HEIC
otros-viajes	img-0956	IMG_0956.HEIC
otros-viajes	img-0959	IMG_0959.HEIC
otros-viajes	img-0966	IMG_0966.HEIC
otros-viajes	img-0967	IMG_0967.HEIC
otros-viajes	1e245c4d-0849-4edf-bc86-830799feae81	1e245c4d-0849-4edf-bc86-830799feae81.jpg
otros-viajes	1f995956-d5d4-486a-94df-ff88b981c7d0	1f995956-d5d4-486a-94df-ff88b981c7d0.JPG
otros-viajes	243ca7b3-5e4f-41fa-8c9c-06a30bcffd40	243ca7b3-5e4f-41fa-8c9c-06a30bcffd40.jpg
otros-viajes	55241694-87b9-499d-9d00-6b6222ece80b	55241694-87b9-499d-9d00-6b6222ece80b.jpg
otros-viajes	70cc8cd5-f9a5-4715-a45a-d5ddb381d2ea	70cc8cd5-f9a5-4715-a45a-d5ddb381d2ea.jpg
otros-viajes	79ef4a33-9c4d-4c29-ab90-a22433c85364	79ef4a33-9c4d-4c29-ab90-a22433c85364.JPG
otros-viajes	83c37741-85a2-4211-923b-10711b7151da	83c37741-85a2-4211-923b-10711b7151da.jpg
otros-viajes	960fee52-be52-4f4d-b654-0ad6ea6410d3	960FEE52-BE52-4F4D-B654-0AD6EA6410D3.jpg
otros-viajes	ad548057-66a7-46a2-aed4-be8b12269302	AD548057-66A7-46A2-AED4-BE8B12269302.JPG
otros-viajes	ccb743e5-5238-487b-8111-af1f85cf89ad	CCB743E5-5238-487B-8111-AF1F85CF89AD.jpg
otros-viajes	photo-2026-07-25-18-56-55-3	PHOTO-2026-07-25-18-56-55 3.jpg
otros-viajes	photo-2026-07-25-18-56-56	PHOTO-2026-07-25-18-56-56.jpg
otros-viajes	bcaecf8b-b6ca-4a52-9e20-efc8cfb8a73a	bcaecf8b-b6ca-4a52-9e20-efc8cfb8a73a.jpg
otros-viajes	bf568b2f-350c-4b5d-9512-dc36d122ce2f	bf568b2f-350c-4b5d-9512-dc36d122ce2f.jpg
otros-viajes	cef00e0b-e35e-4a97-8f0f-788e7140b5d3	cef00e0b-e35e-4a97-8f0f-788e7140b5d3.jpg
otros-viajes	d533a6b1-b13d-48c0-8269-1a5db9a6c783	d533a6b1-b13d-48c0-8269-1a5db9a6c783.JPG
otros-viajes	deb1e60e-9066-40f1-b57b-117224ae1e93	deb1e60e-9066-40f1-b57b-117224ae1e93.JPG
otros-viajes	e59849aa-a36e-4dba-bea0-b0bc121d38d8	e59849aa-a36e-4dba-bea0-b0bc121d38d8.JPG
otros-viajes	e9785177-c4f7-4dbd-a760-edb8db9010a4	e9785177-c4f7-4dbd-a760-edb8db9010a4.jpg
otros	img-0603	IMG_0603.HEIC
otros	img-0604	IMG_0604.HEIC
otros	img-0660	IMG_0660.HEIC
otros	img-0661	IMG_0661.HEIC
otros	img-0664	IMG_0664.HEIC
otros	img-0797	IMG_0797.HEIC
otros	img-0798	IMG_0798.HEIC
otros	img-0804	IMG_0804.HEIC
otros	img-0805	IMG_0805.HEIC
otros	img-0806	IMG_0806.HEIC
otros	img-0835	IMG_0835.HEIC
otros	img-0836	IMG_0836.HEIC
otros	img-0837	IMG_0837.HEIC
otros	img-0839	IMG_0839.HEIC
otros	img-1925	IMG_1925.HEIC
otros	img-1927	IMG_1927.HEIC
otros	img-1928	IMG_1928.HEIC
otros	img-1929	IMG_1929.HEIC
otros	img-2790	IMG_2790.HEIC
otros	img-2791	IMG_2791.HEIC
otros	img-2792	IMG_2792.HEIC
otros	img-2794	IMG_2794.HEIC
otros	img-2796	IMG_2796.HEIC
otros	img-2798	IMG_2798.HEIC
otros	img-2800	IMG_2800.HEIC
otros	img-5419	IMG_5419.HEIC
otros	img-6553	IMG_6553.HEIC
otros	img-6573	IMG_6573.HEIC
otros	img-6574	IMG_6574.HEIC
otros	img-7884	IMG_7884.HEIC
otros	img-8314	IMG_8314.HEIC
otros	img-8315	IMG_8315.HEIC
otros	img-8345	IMG_8345.HEIC
otros	img-8346	IMG_8346.HEIC
otros	img-8348	IMG_8348.HEIC
otros	img-8350	IMG_8350.HEIC
otros	01e5721a-f7dc-4b29-b973-10859da79f24-2	01e5721a-f7dc-4b29-b973-10859da79f24 2.JPG
otros	0a6cd5c1-69c3-42f1-a5e8-e8ee2556451d	0A6CD5C1-69C3-42F1-A5E8-E8EE2556451D.jpg
otros	155b7be1-a3bd-4753-965f-66192008076a	155b7be1-a3bd-4753-965f-66192008076a.JPG
otros	16f5c801-6d4c-4fd4-bf28-6cd41a0a76e0-2	16f5c801-6d4c-4fd4-bf28-6cd41a0a76e0 2.JPG
otros	19ee6af6-ec79-4f44-b8d5-3c63ec89b38d	19ee6af6-ec79-4f44-b8d5-3c63ec89b38d.JPG
otros	1a94324c-7e2c-4c6b-ab7a-14ae629fc740-2	1a94324c-7e2c-4c6b-ab7a-14ae629fc740 2.JPG
otros	1d6639aa-a995-46b8-8aee-1dc54f98d77b-2	1d6639aa-a995-46b8-8aee-1dc54f98d77b 2.JPG
otros	1e2b0cfc-4db7-40cc-ab63-6f838a7d84ca-2	1e2b0cfc-4db7-40cc-ab63-6f838a7d84ca 2.JPG
otros	2bae9140-209f-40c9-9c36-651f315f3a31-2	2bae9140-209f-40c9-9c36-651f315f3a31 2.JPG
otros	356a64d1-bffa-46bd-9f6d-4523ea121e42-2	356a64d1-bffa-46bd-9f6d-4523ea121e42 2.JPG
otros	363cdf26-10f8-4d15-8c1a-084e6c0b22e4	363cdf26-10f8-4d15-8c1a-084e6c0b22e4.JPG
otros	3fe2d0f6-120f-45b4-8d4c-708961b76cdf	3FE2D0F6-120F-45B4-8D4C-708961B76CDF.jpg
otros	3b39284a-b9fc-470a-a7c0-8ccec798b2e9-2	3b39284a-b9fc-470a-a7c0-8ccec798b2e9 2.JPG
otros	3b98d344-6acc-4ed3-8c36-6db4fd4b2e80	3b98d344-6acc-4ed3-8c36-6db4fd4b2e80.JPG
otros	3be7969c-a166-4e56-a645-8f696c8eaeb3-2	3be7969c-a166-4e56-a645-8f696c8eaeb3 2.JPG
otros	42d7244c-a331-43ef-9edf-2f0d3d386937-2	42d7244c-a331-43ef-9edf-2f0d3d386937 2.JPG
otros	43105d65-5664-4885-b2d8-f4e7f78c62c5	43105d65-5664-4885-b2d8-f4e7f78c62c5.JPG
otros	4727cee2-eeb9-4ccf-9413-e7b9f5b12dbc-2	4727cee2-eeb9-4ccf-9413-e7b9f5b12dbc 2.JPG
otros	47422a26-e9a2-4a08-8dc3-fab3e183f2c1-2	47422a26-e9a2-4a08-8dc3-fab3e183f2c1 2.JPG
otros	478b4d71-25b3-446d-8872-afb97b96a152-2	478b4d71-25b3-446d-8872-afb97b96a152 2.JPG
otros	49a46ef2-26da-4b2a-9b23-69ccfab29fd3-2	49a46ef2-26da-4b2a-9b23-69ccfab29fd3 2.JPG
otros	4d428dfb-f979-448f-90b9-743dfe9e29a1-2	4d428dfb-f979-448f-90b9-743dfe9e29a1 2.JPG
otros	5c9dc085-6a46-4c42-97b8-fb16a670040f-2	5c9dc085-6a46-4c42-97b8-fb16a670040f 2.JPG
otros	626ba411-b4e0-443b-b226-9281dbfd0812	626ba411-b4e0-443b-b226-9281dbfd0812.JPG
otros	62fa5c7f-fe86-4857-8a41-13fe71e9824f-2	62fa5c7f-fe86-4857-8a41-13fe71e9824f 2.JPG
otros	63c52029-1dd3-4962-be84-fe84089027c9-2	63c52029-1dd3-4962-be84-fe84089027c9 2.JPG
otros	63e91ad9-a0a6-4018-90bb-49878521a106-2	63e91ad9-a0a6-4018-90bb-49878521a106 2.JPG
otros	65137f6d-c18f-4606-be17-68f5a2ba7f8c-2	65137f6d-c18f-4606-be17-68f5a2ba7f8c 2.JPG
otros	7123f490-d96e-4d13-a406-944fd3c10b91	7123F490-D96E-4D13-A406-944FD3C10B91.jpg
otros	717fc74c-8af3-4847-ab3c-95d6a299d0d0-2	717fc74c-8af3-4847-ab3c-95d6a299d0d0 2.JPG
otros	73526c07-0d48-4a60-ac5e-68a2e4ae2f11	73526c07-0d48-4a60-ac5e-68a2e4ae2f11.JPG
otros	7cbb37c0-d523-482f-8af3-d24b50a4f314-2	7cbb37c0-d523-482f-8af3-d24b50a4f314 2.JPG
otros	7d0c5cbe-fa03-48b2-9d6c-86f330ae5c84-2	7d0c5cbe-fa03-48b2-9d6c-86f330ae5c84 2.JPG
otros	80db18ee-5439-4808-94dd-419a9ca1bb68-2	80db18ee-5439-4808-94dd-419a9ca1bb68 2.JPG
otros	89657f76-d002-40b6-8676-6b69c84c0cf0	89657f76-d002-40b6-8676-6b69c84c0cf0.JPG
otros	89e3c09e-4a20-4419-bd45-cade0ab587bc	89e3c09e-4a20-4419-bd45-cade0ab587bc.JPG
otros	8ec107f5-1641-4234-9ee4-5d931f2ef971-2	8ec107f5-1641-4234-9ee4-5d931f2ef971 2.JPG
otros	93414f9c-537d-4348-8774-d3123e27be8b-2	93414f9c-537d-4348-8774-d3123e27be8b 2.JPG
otros	93d9e172-2341-408d-83c3-4a068f8cc492	93d9e172-2341-408d-83c3-4a068f8cc492.JPG
otros	9bf94430-5fb7-4352-95e9-ab2629089ee9	9bf94430-5fb7-4352-95e9-ab2629089ee9.JPG
otros	9cc12fbd-f34b-4104-bd71-4e4a25fae907-2	9cc12fbd-f34b-4104-bd71-4e4a25fae907 2.JPG
otros	9e94f414-d424-459d-bb06-6c3f783f4099-2	9e94f414-d424-459d-bb06-6c3f783f4099 2.JPG
otros	eaa28aeb-41ba-4784-bc4e-1160ace863a4	EAA28AEB-41BA-4784-BC4E-1160ACE863A4.jpg
otros	a328dcae-49b0-4b26-aac0-9b017f147226-2	a328dcae-49b0-4b26-aac0-9b017f147226 2.JPG
otros	a5420389-f1de-40d5-ad24-5e4b267f9eb5	a5420389-f1de-40d5-ad24-5e4b267f9eb5.JPG
otros	a59956be-2132-43db-a7da-6b33e2d08da6	a59956be-2132-43db-a7da-6b33e2d08da6.JPG
otros	a63870b4-4460-4b08-bba3-00c8ae483ce3-2	a63870b4-4460-4b08-bba3-00c8ae483ce3 2.JPG
otros	a67d3f64-3412-4536-b6b6-a1a49070644e-2	a67d3f64-3412-4536-b6b6-a1a49070644e 2.JPG
otros	af8055b6-f5b4-4e09-8167-f068a41971c8	af8055b6-f5b4-4e09-8167-f068a41971c8.JPG
otros	b741d50a-0daf-4000-b8e6-9e6bee624232	b741d50a-0daf-4000-b8e6-9e6bee624232.JPG
otros	b941f6f8-7d33-46d6-91be-80736ebd6e8e-2	b941f6f8-7d33-46d6-91be-80736ebd6e8e 2.JPG
otros	ba441bde-a13b-4a5f-8791-42cfac10d085-2	ba441bde-a13b-4a5f-8791-42cfac10d085 2.JPG
otros	bad1a114-790f-4308-9c98-3758ce160d24-2	bad1a114-790f-4308-9c98-3758ce160d24 2.JPG
otros	bcc56064-c355-494d-af9e-25175370741f-2	bcc56064-c355-494d-af9e-25175370741f 2.JPG
otros	bcd3efd8-6e76-493c-bc61-ab43f2b44cd5-2	bcd3efd8-6e76-493c-bc61-ab43f2b44cd5 2.JPG
otros	bd1c84b7-a23a-4b7a-97d4-709f44104886-2	bd1c84b7-a23a-4b7a-97d4-709f44104886 2.JPG
otros	c469da07-b105-4704-9021-76f9151f861d-2	c469da07-b105-4704-9021-76f9151f861d 2.JPG
otros	c639d71f-9e13-475d-a7fc-8fca36ad586f-2	c639d71f-9e13-475d-a7fc-8fca36ad586f 2.JPG
otros	c7b2d38b-fe36-454d-9aad-5e5716bcfae6-2	c7b2d38b-fe36-454d-9aad-5e5716bcfae6 2.JPG
otros	c907323d-7cab-4daf-9ed7-c5c6adcc574a-2	c907323d-7cab-4daf-9ed7-c5c6adcc574a 2.JPG
otros	cbc79bc7-01dc-4684-9d39-92725e06db79	cbc79bc7-01dc-4684-9d39-92725e06db79.JPG
otros	d168857e-d521-4a46-9851-decf156d1cc4-2	d168857e-d521-4a46-9851-decf156d1cc4 2.JPG
otros	d179402d-775a-4343-860d-6ad6e8edd45a	d179402d-775a-4343-860d-6ad6e8edd45a.JPG
otros	d23d6e4b-662e-49b4-85f1-851b78b363ec	d23d6e4b-662e-49b4-85f1-851b78b363ec.JPG
otros	d2ce92aa-3cba-44eb-a092-046a1ddfc87c-2	d2ce92aa-3cba-44eb-a092-046a1ddfc87c 2.JPG
otros	da1e512c-6620-4455-8bb1-ab5b4c101938-2	da1e512c-6620-4455-8bb1-ab5b4c101938 2.JPG
otros	da8c6d50-4bd6-4fe5-a4f8-3318745924fa-2	da8c6d50-4bd6-4fe5-a4f8-3318745924fa 2.JPG
otros	ddb540fe-ada0-48ca-9819-d1ca9ac2f1d7	ddb540fe-ada0-48ca-9819-d1ca9ac2f1d7.JPG
otros	e3a9459d-080e-4763-8e7e-b1fea9b8c022	e3a9459d-080e-4763-8e7e-b1fea9b8c022.JPG
otros	eadb69c0-e366-42f9-a48e-16cc488a96f3-2	eadb69c0-e366-42f9-a48e-16cc488a96f3 2.JPG
otros	f010ac86-a3b7-4a2e-86c2-1e9cf84b4187-2	f010ac86-a3b7-4a2e-86c2-1e9cf84b4187 2.JPG
otros	fa8230a2-5170-425c-b67d-76aee7b72bef	fa8230a2-5170-425c-b67d-76aee7b72bef.JPG
otros	fb63bce7-fa5e-4c34-84af-ba87908515af-2	fb63bce7-fa5e-4c34-84af-ba87908515af 2.JPG
otros	fd9c3d4f-2556-497e-985f-eb41610e9e1e	fd9c3d4f-2556-497e-985f-eb41610e9e1e.JPG
primer-a-no-juntis	facetune-17-09-2022-14-26-47	Facetune_17-09-2022-14-26-47.HEIC
primer-a-no-juntis	img-4364	IMG_4364.HEIC
primer-a-no-juntis	img-4526	IMG_4526.HEIC
primer-a-no-juntis	img-4591	IMG_4591.HEIC
primer-a-no-juntis	img-4659	IMG_4659.HEIC
primer-a-no-juntis	1c5a9b34-b644-44d8-b3bf-684739026fc1	1c5a9b34-b644-44d8-b3bf-684739026fc1.jpg
primer-a-no-juntis	24b3a4f0-cfd6-4eb1-bf33-5db703ab5d38	24b3a4f0-cfd6-4eb1-bf33-5db703ab5d38.jpg
primer-a-no-juntis	26325ce4-e179-4a5b-a035-0d9e8b4ee188	26325ce4-e179-4a5b-a035-0d9e8b4ee188.jpg
primer-a-no-juntis	2c574618-055b-47c6-88d2-707ee8389e30	2C574618-055B-47C6-88D2-707EE8389E30.jpg
primer-a-no-juntis	62f1e860-f33d-4a8d-b35e-0c696149aac0	62f1e860-f33d-4a8d-b35e-0c696149aac0.jpg
primer-a-no-juntis	761f68b6-fede-4de6-a2b9-97270dad74fa	761f68b6-fede-4de6-a2b9-97270dad74fa.jpg
primer-a-no-juntis	7d1c3db6-7386-42f6-8130-65562bf4b53e	7d1c3db6-7386-42f6-8130-65562bf4b53e.jpg
primer-a-no-juntis	8aa69318-1b54-462a-bdeb-d1dff547018f	8AA69318-1B54-462A-BDEB-D1DFF547018F.JPG
primer-a-no-juntis	a7bf9c6e-415d-4709-b567-914c054d7225	A7BF9C6E-415D-4709-B567-914C054D7225.JPG
primer-a-no-juntis	eae8597d-6ac0-47af-8441-f0b1bd85be0f	EAE8597D-6AC0-47AF-8441-F0B1BD85BE0F.jpg
primer-a-no-juntis	adc95b7b-745a-4425-85ca-e41fa70367aa	adc95b7b-745a-4425-85ca-e41fa70367aa.jpg
primer-a-no-juntis	bf4b4126-8aef-4c2b-90f0-cede0aa41032	bf4b4126-8aef-4c2b-90f0-cede0aa41032.jpg
primer-a-no-juntis	img-4588	IMG_4588.PNG
san-valentin	img-1321	IMG_1321.HEIC
san-valentin	img-1322	IMG_1322.HEIC
san-valentin	img-1355	IMG_1355.HEIC
san-valentin	img-1514	IMG_1514.HEIC
san-valentin	img-1516	IMG_1516.HEIC
san-valentin	img-1519	IMG_1519.HEIC
san-valentin	img-2968	IMG_2968.HEIC
san-valentin	img-2978	IMG_2978.HEIC
san-valentin	img-2979	IMG_2979.HEIC
san-valentin	img-6286	IMG_6286.heic
san-valentin	img-6295	IMG_6295.heic
san-valentin	img-9177	IMG_9177.HEIC
san-valentin	img-9178	IMG_9178.HEIC
san-valentin	img-9179	IMG_9179.HEIC
san-valentin	img-9181	IMG_9181.HEIC
san-valentin	img-9195	IMG_9195.HEIC
san-valentin	img-9206	IMG_9206.HEIC
san-valentin	img-9208	IMG_9208.HEIC
san-valentin	img-9228	IMG_9228.HEIC
san-valentin	img-9229	IMG_9229.HEIC
san-valentin	img-9231	IMG_9231.HEIC
uruguay	facetune-27-07-2024-18-41-54-2	Facetune_27-07-2024-18-41-54 2.heic
uruguay	facetune-27-07-2024-18-41-54	Facetune_27-07-2024-18-41-54.HEIC
uruguay	img-0903	IMG_0903.HEIC
uruguay	img-0912	IMG_0912.HEIC
uruguay	img-0914	IMG_0914.HEIC
uruguay	img-0915	IMG_0915.HEIC
uruguay	img-0919	IMG_0919.HEIC
uruguay	img-0925	IMG_0925.HEIC
uruguay	img-0926	IMG_0926.HEIC
uruguay	img-0928	IMG_0928.HEIC
uruguay	img-0930	IMG_0930.HEIC
uruguay	img-0932	IMG_0932.HEIC
uruguay	img-0936	IMG_0936.HEIC
uruguay	img-0938	IMG_0938.HEIC
uruguay	img-0939	IMG_0939.HEIC
uruguay	img-0941	IMG_0941.HEIC
uruguay	img-0961	IMG_0961.HEIC
uruguay	img-0976	IMG_0976.HEIC
uruguay	img-0981	IMG_0981.HEIC
uruguay	img-0982	IMG_0982.HEIC
uruguay	img-1018	IMG_1018.HEIC
uruguay	img-1031	IMG_1031.HEIC
uruguay	img-1047	IMG_1047.HEIC
uruguay	img-1056	IMG_1056.HEIC
uruguay	img-1072	IMG_1072.HEIC
uruguay	img-1098	IMG_1098.HEIC
uruguay	img-1106	IMG_1106.HEIC
uruguay	893eed37-7cdc-4a5c-85cc-4306d41f6377	893EED37-7CDC-4A5C-85CC-4306D41F6377.JPG
uruguay	img-0963	IMG_0963.jpg
uruguay	photo-2026-07-25-18-35-56-2	PHOTO-2026-07-25-18-35-56 2.jpg
uruguay	photo-2026-07-25-18-35-56-3	PHOTO-2026-07-25-18-35-56 3.jpg
uruguay	photo-2026-07-25-18-35-56	PHOTO-2026-07-25-18-35-56.jpg
uruguay	photo-2026-07-25-18-35-57-2	PHOTO-2026-07-25-18-35-57 2.jpg
uruguay	photo-2026-07-25-18-35-57-3	PHOTO-2026-07-25-18-35-57 3.jpg
uruguay	photo-2026-07-25-18-35-57	PHOTO-2026-07-25-18-35-57.jpg
facu	cc9bc3b5-5db8-4a33-8268-2ee168a69f3e	cc9bc3b5-5db8-4a33-8268-2ee168a69f3e.jpg
